ћарка;—сылка;÷ена в $;√ород
Opel Crossland X 2021;https://auto.ria.com/newauto/auto-opel-crossland-x-1860403.html;17 925 $;ѕолтава
Opel Corsa 2020;https://auto.ria.com/newauto/auto-opel-corsa-1855245.html;18 633 $; ропивницкий ( ировоград)
Opel Vivaro груз. 2021;https://auto.ria.com/newauto/auto-opel-vivaro-gruz-1860107.html;39 837 $;ѕолтава
Opel Corsa 2020;https://auto.ria.com/newauto/auto-opel-corsa-1864943.html;21 428 $;’арьков
Opel Mokka 2021;https://auto.ria.com/newauto/auto-opel-mokka-1861979.html;21 331 $;ѕолтава
Opel Crossland 2021;https://auto.ria.com/newauto/auto-opel-crossland-1863610.html;23 302 $; ропивницкий ( ировоград)
Opel Grandland X 2020;https://auto.ria.com/newauto/auto-opel-grandland-x-1861233.html;24 808 $; ропивницкий ( ировоград)
Opel Astra J 2020;https://auto.ria.com/newauto/auto-opel-astra-j-1810322.html;17 708 $;’мельницкий
Opel Mokka 2021;https://auto.ria.com/newauto/auto-opel-mokka-1862019.html;21 428 $;„еркассы
Opel Zafira Life 2021;https://auto.ria.com/newauto/auto-opel-zafira-life-1860105.html;43 265 $;ѕолтава
Opel Corsa 2021;https://auto.ria.com/newauto/auto-opel-corsa-1854423.html;15 800 $;ѕолтава
Opel Grandland X 2021;https://auto.ria.com/newauto/auto-opel-grandland-x-1862168.html;28 500 $;’мельницкий
Opel Mokka 2021;https://auto.ria.com/newauto/auto-opel-mokka-1865219.html;25 299 $;ќдесса
Opel Combo Cargo 2021;https://auto.ria.com/newauto/auto-opel-combo-cargo-1838853.html;19 788 $;ѕолтава
Opel Combo Life 2020;https://auto.ria.com/newauto/auto-opel-combo-life-1845139.html;26 915 $;ќдесса
Opel Grandland X 2021;https://auto.ria.com/newauto/auto-opel-grandland-x-1829606.html;24 781 $;ѕолтава
Opel Mokka 2021;https://auto.ria.com/newauto/auto-opel-mokka-1863361.html;25 042 $;ѕолтава
Opel Crossland 2021;https://auto.ria.com/newauto/auto-opel-crossland-1865121.html;23 379 $;ќдесса
Opel Corsa 2021;https://auto.ria.com/newauto/auto-opel-corsa-1862847.html;19 352 $;’арьков
Opel Grandland X 2021;https://auto.ria.com/newauto/auto-opel-grandland-x-1865180.html;29 179 $;„еркассы
Opel Grandland X 2021;https://auto.ria.com/newauto/auto-opel-grandland-x-1838109.html;29 648 $;«апорожье
Opel Corsa 2021;https://auto.ria.com/newauto/auto-opel-corsa-1865091.html;19 354 $;ќдесса
Opel Crossland 2021;https://auto.ria.com/newauto/auto-opel-crossland-1863260.html;23 867 $;’мельницкий
Opel Crossland X 2021;https://auto.ria.com/newauto/auto-opel-crossland-x-1857980.html;17 522 $;’мельницкий
Opel Corsa 2021;https://auto.ria.com/newauto/auto-opel-corsa-1862003.html;19 944 $;’мельницкий
Opel Grandland X 2021;https://auto.ria.com/newauto/auto-opel-grandland-x-1865103.html;24 792 $; ропивницкий ( ировоград)
Opel Mokka 2021;https://auto.ria.com/newauto/auto-opel-mokka-1863117.html;24 789 $;’мельницкий
Opel Corsa 2021;https://auto.ria.com/newauto/auto-opel-corsa-1846318.html;19 944 $;’мельницкий
Opel Corsa 2021;https://auto.ria.com/newauto/auto-opel-corsa-1862011.html;20 405 $;’мельницкий
Opel Combo Cargo 2021;https://auto.ria.com/newauto/auto-opel-combo-cargo-1862352.html;19 974 $;„еркассы
Opel Mokka 2021;https://auto.ria.com/newauto/auto-opel-mokka-1865178.html;24 483 $;„еркассы
Opel Corsa 2021;https://auto.ria.com/newauto/auto-opel-corsa-1837978.html;24 173 $;’мельницкий
Opel Corsa 2021;https://auto.ria.com/newauto/auto-opel-corsa-1864031.html;20 405 $;ќдесса
Opel Grandland X 2020;https://auto.ria.com/newauto/auto-opel-grandland-x-1850672.html;29 551 $;„еркассы
Opel Zafira Life 2021;https://auto.ria.com/newauto/auto-opel-zafira-life-1863744.html;53 619 $;ќдесса
Opel Crossland 2021;https://auto.ria.com/newauto/auto-opel-crossland-1865177.html;21 502 $;„еркассы
Opel Crossland X 2021;https://auto.ria.com/newauto/auto-opel-crossland-x-1858522.html;18 111 $;„еркассы
Opel Mokka 2021;https://auto.ria.com/newauto/auto-opel-mokka-1862391.html;21 551 $;’арьков
Opel Combo Cargo 2021;https://auto.ria.com/newauto/auto-opel-combo-cargo-1863729.html;20 004 $;ќдесса
Opel Astra K 2018;https://auto.ria.com/newauto/auto-opel-astra-k-1735029.html;19 374 $;’мельницкий
Opel Mokka 2021;https://auto.ria.com/newauto/auto-opel-mokka-1863403.html;25 291 $;’мельницкий
Opel Vivaro груз. 2021;https://auto.ria.com/newauto/auto-opel-vivaro-gruz-1865197.html;31 862 $;„еркассы
Opel Corsa 2021;https://auto.ria.com/newauto/auto-opel-corsa-1860758.html;19 997 $;ѕолтава
Opel Grandland X 2021;https://auto.ria.com/newauto/auto-opel-grandland-x-1844501.html;29 821 $;’мельницкий
Opel Zafira Life 2021;https://auto.ria.com/newauto/auto-opel-zafira-life-1860447.html;38 570 $; ропивницкий ( ировоград)
Opel Combo Cargo 2021;https://auto.ria.com/newauto/auto-opel-combo-cargo-1858542.html;17 720 $; ропивницкий ( ировоград)
Opel Combo Life 2020;https://auto.ria.com/newauto/auto-opel-combo-life-1851006.html;26 455 $;’мельницкий
Opel Zafira Life 2021;https://auto.ria.com/newauto/auto-opel-zafira-life-1852135.html;51 053 $;’арьков
Opel Vivaro груз. 2021;https://auto.ria.com/newauto/auto-opel-vivaro-gruz-1856490.html;36 990 $;’мельницкий
Opel Movano груз. 2021;https://auto.ria.com/newauto/auto-opel-movano-gruz-1848706.html;35 462 $;’мельницкий
Opel Mokka 2021;https://auto.ria.com/newauto/auto-opel-mokka-1862867.html;21 178 $;’мельницкий
Opel Corsa 2021;https://auto.ria.com/newauto/auto-opel-corsa-1865005.html;18 894 $;’мельницкий
Opel Crossland X 2021;https://auto.ria.com/newauto/auto-opel-crossland-x-1858331.html;17 753 $; ропивницкий ( ировоград)
Opel Mokka 2021;https://auto.ria.com/newauto/auto-opel-mokka-1864456.html;25 004 $;«апорожье
Opel Grandland X 2021;https://auto.ria.com/newauto/auto-opel-grandland-x-1861531.html;24 058 $; ропивницкий ( ировоград)
Opel Grandland X 2021;https://auto.ria.com/newauto/auto-opel-grandland-x-1861105.html;27 217 $;’мельницкий
Opel Grandland X 2021;https://auto.ria.com/newauto/auto-opel-grandland-x-1857574.html;30 091 $; иев
Opel Mokka 2021;https://auto.ria.com/newauto/auto-opel-mokka-1863573.html;24 998 $; ропивницкий ( ировоград)
Opel Crossland X 2020;https://auto.ria.com/newauto/auto-opel-crossland-x-1843928.html;17 428 $;’мельницкий
Opel Grandland X 2021;https://auto.ria.com/newauto/auto-opel-grandland-x-1852119.html;29 204 $;’мельницкий
Opel Grandland X 2021;https://auto.ria.com/newauto/auto-opel-grandland-x-1843932.html;29 821 $;’мельницкий
Opel Grandland X 2021;https://auto.ria.com/newauto/auto-opel-grandland-x-1823576.html;27 217 $;’мельницкий
Opel Zafira Life 2021;https://auto.ria.com/newauto/auto-opel-zafira-life-1856600.html;53 066 $;’мельницкий
Opel Combo пасс. 2020;https://auto.ria.com/newauto/auto-opel-combo-pass-1837764.html;22 613 $;«апорожье
Opel Grandland X 2020;https://auto.ria.com/newauto/auto-opel-grandland-x-1858325.html;25 946 $; ропивницкий ( ировоград)
Opel Corsa 2020;https://auto.ria.com/newauto/auto-opel-corsa-1843291.html;22 772 $;«апорожье
Opel Mokka 2021;https://auto.ria.com/newauto/auto-opel-mokka-1862129.html;21 551 $;’мельницкий
Opel Combo Life 2021;https://auto.ria.com/newauto/auto-opel-combo-life-1864452.html;20 164 $;’мельницкий
Opel Astra J 2020;https://auto.ria.com/newauto/auto-opel-astra-j-1860560.html;19 307 $;’мельницкий
Opel Grandland X 2021;https://auto.ria.com/newauto/auto-opel-grandland-x-1784636.html;29 821 $;’мельницкий
Opel Crossland X 2021;https://auto.ria.com/newauto/auto-opel-crossland-x-1858710.html;18 419 $; ропивницкий ( ировоград)
Opel Movano груз. 2020;https://auto.ria.com/newauto/auto-opel-movano-gruz-1848196.html;30 520 $; иев
Opel Crossland X 2020;https://auto.ria.com/newauto/auto-opel-crossland-x-1854003.html;24 507 $;«апорожье
Opel Movano груз. 2020;https://auto.ria.com/newauto/auto-opel-movano-gruz-1855634.html;29 812 $; ропивницкий ( ировоград)
Opel Corsa 2021;https://auto.ria.com/newauto/auto-opel-corsa-1859689.html;20 405 $;’мельницкий
Opel Grandland X 2021;https://auto.ria.com/newauto/auto-opel-grandland-x-1829611.html;28 910 $;ѕолтава
Opel Combo Cargo 2021;https://auto.ria.com/newauto/auto-opel-combo-cargo-1837003.html;20 004 $;’мельницкий
Opel Grandland X 2021;https://auto.ria.com/newauto/auto-opel-grandland-x-1861691.html;31 150 $;Ќиколаев
Opel Corsa 2021;https://auto.ria.com/newauto/auto-opel-corsa-1860840.html;19 354 $; ропивницкий ( ировоград)
Opel Mokka 2021;https://auto.ria.com/newauto/auto-opel-mokka-1863542.html;24 919 $; иев
Opel Crossland X 2021;https://auto.ria.com/newauto/auto-opel-crossland-x-1859025.html;21 997 $;«апорожье
Opel Mokka 2021;https://auto.ria.com/newauto/auto-opel-mokka-1863515.html;24 997 $; ропивницкий ( ировоград)
Opel Crossland X 2021;https://auto.ria.com/newauto/auto-opel-crossland-x-1859023.html;18 118 $;«апорожье
Opel Corsa 2021;https://auto.ria.com/newauto/auto-opel-corsa-1846172.html;18 894 $;ѕолтава
Opel Grandland X 2021;https://auto.ria.com/newauto/auto-opel-grandland-x-1860111.html;29 821 $;’мельницкий
Opel Grandland X 2021;https://auto.ria.com/newauto/auto-opel-grandland-x-1858324.html;28 912 $; ропивницкий ( ировоград)
Opel Grandland X 2021;https://auto.ria.com/newauto/auto-opel-grandland-x-1811801.html;29 648 $;’мельницкий
Opel Grandland X 2021;https://auto.ria.com/newauto/auto-opel-grandland-x-1823802.html;26 753 $;’мельницкий
Opel Grandland X 2020;https://auto.ria.com/newauto/auto-opel-grandland-x-1848290.html;24 259 $;«апорожье
Opel Combo Life 2020;https://auto.ria.com/newauto/auto-opel-combo-life-1849435.html;27 078 $;«апорожье
Opel Corsa 2021;https://auto.ria.com/newauto/auto-opel-corsa-1858271.html;23 931 $; ропивницкий ( ировоград)
Opel Crossland 2021;https://auto.ria.com/newauto/auto-opel-crossland-1863545.html;17 847 $; иев
Opel Vivaro груз. 2021;https://auto.ria.com/newauto/auto-opel-vivaro-gruz-1860048.html;36 990 $;’арьков
Opel Corsa 2021;https://auto.ria.com/newauto/auto-opel-corsa-1861634.html;20 492 $;Ќиколаев
Opel Crossland 2021;https://auto.ria.com/newauto/auto-opel-crossland-1861587.html;23 509 $; иев
Opel Corsa 2021;https://auto.ria.com/newauto/auto-opel-corsa-1855834.html;21 018 $;„еркассы
Opel Combo Life 2020;https://auto.ria.com/newauto/auto-opel-combo-life-1842751.html;27 241 $; иев
Opel Crossland 2021;https://auto.ria.com/newauto/auto-opel-crossland-1861687.html;19 219 $;Ќиколаев
Opel Combo Cargo 2021;https://auto.ria.com/newauto/auto-opel-combo-cargo-1836713.html;17 794 $;’арьков
Opel Mokka 2021;https://auto.ria.com/newauto/auto-opel-mokka-1862591.html;24 547 $; ропивницкий ( ировоград)
Opel Corsa 2021;https://auto.ria.com/newauto/auto-opel-corsa-1861598.html;23 810 $; иев
Opel Corsa 2020;https://auto.ria.com/newauto/auto-opel-corsa-1861588.html;15 020 $; иев
Opel Mokka 2021;https://auto.ria.com/newauto/auto-opel-mokka-1862384.html;21 331 $; ропивницкий ( ировоград)
Opel Combo груз. 2020;https://auto.ria.com/newauto/auto-opel-combo-gruz-1837774.html;20 213 $;«апорожье
Opel Corsa 2021;https://auto.ria.com/newauto/auto-opel-corsa-1861594.html;23 810 $; иев
Opel Grandland X 2020;https://auto.ria.com/newauto/auto-opel-grandland-x-1838105.html;25 404 $;«апорожье
Opel Crossland X 2019;https://auto.ria.com/newauto/auto-opel-crossland-x-1835431.html;23 536 $;«апорожье
Opel Movano груз. 2020;https://auto.ria.com/newauto/auto-opel-movano-gruz-1847711.html;32 682 $;’арьков
Opel Grandland X 2021;https://auto.ria.com/newauto/auto-opel-grandland-x-1788655.html;24 927 $;’арьков
Opel Grandland X 2021;https://auto.ria.com/newauto/auto-opel-grandland-x-1861584.html;27 217 $; иев
Opel Zafira Life 2021;https://auto.ria.com/newauto/auto-opel-zafira-life-1859011.html;60 185 $;«апорожье
Opel Mokka 2021;https://auto.ria.com/newauto/auto-opel-mokka-1862947.html;21 711 $; иев
Opel Combo Life 2021;https://auto.ria.com/newauto/auto-opel-combo-life-1859026.html;29 832 $;«апорожье
Opel Corsa 2021;https://auto.ria.com/newauto/auto-opel-corsa-1861392.html;20 980 $;„еркассы
Opel Grandland X 2020;https://auto.ria.com/newauto/auto-opel-grandland-x-1848439.html;25 392 $;«апорожье
Opel Grandland X 2020;https://auto.ria.com/newauto/auto-opel-grandland-x-1848804.html;24 561 $;«апорожье
Opel Crossland X 2020;https://auto.ria.com/newauto/auto-opel-crossland-x-1855912.html;18 120 $;«апорожье
Opel Mokka 2021;https://auto.ria.com/newauto/auto-opel-mokka-1860586.html;22 024 $;’арьков
Opel Crossland X 2020;https://auto.ria.com/newauto/auto-opel-crossland-x-1855740.html;18 376 $;«апорожье
Opel Crossland 2021;https://auto.ria.com/newauto/auto-opel-crossland-1862851.html;25 918 $;’арьков
Opel Grandland X 2020;https://auto.ria.com/newauto/auto-opel-grandland-x-1848435.html;24 259 $;«апорожье
Opel Crossland X 2021;https://auto.ria.com/newauto/auto-opel-crossland-x-1788666.html;18 118 $;’арьков
Opel Crossland 2021;https://auto.ria.com/newauto/auto-opel-crossland-1860870.html;18 607 $;’арьков
Opel Combo Life 2021;https://auto.ria.com/newauto/auto-opel-combo-life-1860047.html;20 474 $;’арьков
Opel Mokka 2021;https://auto.ria.com/newauto/auto-opel-mokka-1862390.html;22 024 $;’арьков
Opel Combo Life 2021;https://auto.ria.com/newauto/auto-opel-combo-life-1861331.html;21 442 $;’арьков
Opel Corsa 2021;https://auto.ria.com/newauto/auto-opel-corsa-1860073.html;24 170 $;’арьков
Opel Mokka 2021;https://auto.ria.com/newauto/auto-opel-mokka-1864439.html;22 042 $;«апорожье
Opel Corsa 2021;https://auto.ria.com/newauto/auto-opel-corsa-1860046.html;15 964 $;’арьков
Opel Grandland X 2021;https://auto.ria.com/newauto/auto-opel-grandland-x-1855128.html;27 217 $; иев
Opel Corsa 2021;https://auto.ria.com/newauto/auto-opel-corsa-1860039.html;19 352 $;’арьков
Opel Vivaro груз. 2021;https://auto.ria.com/newauto/auto-opel-vivaro-gruz-1860038.html;33 054 $;’арьков
Opel Grandland X 2021;https://auto.ria.com/newauto/auto-opel-grandland-x-1861950.html;26 753 $;’арьков
Opel Corsa 2021;https://auto.ria.com/newauto/auto-opel-corsa-1861648.html;20 985 $;Ќиколаев
Opel Grandland X 2021;https://auto.ria.com/newauto/auto-opel-grandland-x-1805653.html;29 205 $;’арьков
Opel Grandland X 2021;https://auto.ria.com/newauto/auto-opel-grandland-x-1823570.html;29 820 $;’арьков
Opel Grandland X 2020;https://auto.ria.com/newauto/auto-opel-grandland-x-1849498.html;26 105 $;«апорожье
Opel Mokka 2021;https://auto.ria.com/newauto/auto-opel-mokka-1862389.html;22 024 $;’арьков
Opel Zafira Life 2021;https://auto.ria.com/newauto/auto-opel-zafira-life-1860110.html;41 242 $;’арьков
Opel Mokka 2021;https://auto.ria.com/newauto/auto-opel-mokka-1862882.html;24 502 $;’арьков
Opel Grandland X 2021;https://auto.ria.com/newauto/auto-opel-grandland-x-1820366.html;29 645 $;’арьков
Opel Insignia 2019;https://auto.ria.com/newauto/auto-opel-insignia-1825592.html;33 502 $;ƒнепр (ƒнепропетровск)
Opel Astra J 2019;https://auto.ria.com/newauto/auto-opel-astra-j-1849165.html;17 887 $;ƒнепр (ƒнепропетровск)
Opel Combo Life 2020;https://auto.ria.com/newauto/auto-opel-combo-life-1834185.html;27 017 $;ƒнепр (ƒнепропетровск)
Opel Crossland X 2020;https://auto.ria.com/newauto/auto-opel-crossland-x-1825571.html;21 614 $;ƒнепр (ƒнепропетровск)
Opel Combo Cargo 2021;https://auto.ria.com/newauto/auto-opel-combo-cargo-1835141.html;20 869 $;ƒнепр (ƒнепропетровск)
Opel Zafira Life 2021;https://auto.ria.com/newauto/auto-opel-zafira-life-1860159.html;41 242 $;ƒнепр (ƒнепропетровск)
Opel Crossland X 2021;https://auto.ria.com/newauto/auto-opel-crossland-x-1858296.html;18 118 $;ƒнепр (ƒнепропетровск)
Opel Vivaro груз. 2021;https://auto.ria.com/newauto/auto-opel-vivaro-gruz-1858193.html;31 877 $;ƒнепр (ƒнепропетровск)
Opel Corsa 2021;https://auto.ria.com/newauto/auto-opel-corsa-1864412.html;15 964 $;ƒнепр (ƒнепропетровск)
